PhotoPath,Date,Time,Reviewed,Note
b:\PROJECT SEM 4\FaceTrack_Pro_Fixed_Updated_v3\FaceTrack_Pro_Fixed_Updated\Data\UnknownFaces\unknown_20260407_224217_313674.jpg,07-04-2026,22:42:17,No,
b:\PROJECT SEM 4\FaceTrack_Pro_Fixed_Updated_v3\FaceTrack_Pro_Fixed_Updated\Data\UnknownFaces\unknown_20260407_224217_319447.jpg,07-04-2026,22:42:17,No,
b:\PROJECT SEM 4\FaceTrack_Pro_Fixed_Updated_v3\FaceTrack_Pro_Fixed_Updated\Data\UnknownFaces\unknown_20260407_224219_711959.jpg,07-04-2026,22:42:19,No,
b:\PROJECT SEM 4\FaceTrack_Pro_Fixed_Updated_v3\FaceTrack_Pro_Fixed_Updated\Data\UnknownFaces\unknown_20260407_224219_717610.jpg,07-04-2026,22:42:19,No,
b:\PROJECT SEM 4\FaceTrack_Pro_Fixed_Updated_v3\FaceTrack_Pro_Fixed_Updated\Data\UnknownFaces\unknown_20260407_224337_112726.jpg,07-04-2026,22:43:37,No,
b:\PROJECT SEM 4\FaceTrack_Pro_Fixed_Updated_v3\FaceTrack_Pro_Fixed_Updated\Data\UnknownFaces\unknown_20260407_224337_121036.jpg,07-04-2026,22:43:37,No,
b:\PROJECT SEM 4\FaceTrack_Pro_Fixed_Updated_v3\FaceTrack_Pro_Fixed_Updated\Data\UnknownFaces\unknown_20260407_224339_583977.jpg,07-04-2026,22:43:39,No,
b:\PROJECT SEM 4\FaceTrack_Pro_Fixed_Updated_v3\FaceTrack_Pro_Fixed_Updated\Data\UnknownFaces\unknown_20260407_224339_589735.jpg,07-04-2026,22:43:39,No,
b:\PROJECT SEM 4\FaceTrack_Pro_Fixed_Updated_v3\FaceTrack_Pro_Fixed_Updated\Data\UnknownFaces\unknown_20260407_224348_230759.jpg,07-04-2026,22:43:48,No,
b:\PROJECT SEM 4\FaceTrack_Pro_Fixed_Updated_v3\FaceTrack_Pro_Fixed_Updated\Data\UnknownFaces\unknown_20260407_224348_236535.jpg,07-04-2026,22:43:48,No,
b:\PROJECT SEM 4\FaceTrack_Pro_Fixed_Updated_v3\FaceTrack_Pro_Fixed_Updated\Data\UnknownFaces\unknown_20260407_224350_830544.jpg,07-04-2026,22:43:50,No,
b:\PROJECT SEM 4\FaceTrack_Pro_Fixed_Updated_v3\FaceTrack_Pro_Fixed_Updated\Data\UnknownFaces\unknown_20260407_224350_837192.jpg,07-04-2026,22:43:50,No,
